Participants,Signal,Tags,filtered_tags,phrases
1,1,"weak,calming,beach,pulsating,not massively put me up or down,friend,white noise,not distressing,pleasant","weak,calming,beach,pulsating,friend,not distressing,pleasant","not massively put me up or down,white noise"
1,2,"not much of a pulse,more active,not feeling super strong,petting a cat,not very long hair,robotic,pleasant,a bit more familiar","robotic,pleasant","not much of a pulse,more active,not feeling super strong,petting a cat,not very long hair,a bit more familiar"
1,3,"stronger,excited,satisfied,nice,pleasing,Tvs,static,not natural,technological,alien,TV thing,massage","stronger,excited,satisfied,nice,pleasing,Tvs,static,not natural,technological,alien,massage",TV thing
1,4,"not feeling,nearly there,rhythm","not feeling,rhythm",nearly there
1,5,"regular,not super strong,pulse,first,direct,regular,not distressed,fancy alarm clock,gentle vibrations","regular,pulse,first,direct,regular,not distressed","not super strong,fancy alarm clock,gentle vibrations"
1,6,"urgent,alarm,not gently woken up,8:15,fire alarm,important,actions afoot,soothing,nice,different,alarm,not familiar,tactile sensation,alarms","urgent,alarm,important,soothing,nice,different,alarm,not familiar,alarms","not gently woken up,8:15,fire alarm,actions afoot,tactile sensation"
1,7,"heartbeat,heart beating,sprinklers watering system,regular,soft,not fluffy,indirect,Someone else's alarm is going off","heartbeat,regular,soft,not fluffy,indirect","heart beating,sprinklers watering system,Someone else's alarm is going off"
1,8,"regular,not intense,slower,not as fast,harsh,strong,alarm,bad happening,calm phone ringing,not unpleasant,nice intensity,struggling to feel it,in your face,pulsating,pleasant,nice","regular,not intense,slower,harsh,strong,alarm,not unpleasant,pulsating,pleasant,nice","not as fast,bad happening,calm phone ringing,nice intensity,struggling to feel it,in your face"
1,9,"rhythmic,not sharp,soft,constant,not flowing,oppression,oppressive,unnerving,novel,downstairs neighbor,washing machine,can't hear,can't feel Indirect","rhythmic,not sharp,soft,constant,not flowing,oppression,oppressive,unnerving,novel","downstairs neighbor,washing machine,can't hear,can't feel Indirect"
1,10,empty,empty,
1,11,"not feeling,not getting","not feeling,not getting",
1,12,"train,horse,excited,not relaxing,jogging,rhythmic,pulsating,up-beat,not alarming","train,horse,excited,not relaxing,jogging,rhythmic,pulsating,not alarming",up-beat
1,13,"train,settling,soothing,train,not passive,direct,not involved,satisfied,positive,game,remote controller,gamer,stressful bits happening,remote shakes,doing well,not in any danger","train,settling,soothing,train,not passive,direct,not involved,satisfied,positive,game,gamer","remote controller,stressful bits happening,remote shakes,doing well,not in any danger"
1,14,"strong,shaving,electric razor,vibrations,constant,pulse,steady,fast,urgent,techno,club,hard,faster,pleasing,soft,shaving,techno,sensation,fast,bass line,techno,rhythmic,constant,fast,not relaxing,stressful,not relaxing,end of giving a presentation,going well,out of the woods,high-pressure situation,not nice,not relaxing","strong,shaving,vibrations,constant,pulse,steady,fast,urgent,techno,club,hard,faster,pleasing,soft,shaving,techno,sensation,fast,techno,rhythmic,constant,fast,not relaxing,stressful,not relaxing,not nice,not relaxing","electric razor,bass line,end of giving a presentation,going well,out of the woods,high-pressure situation"
1,15,"printer,big printer,big scanner,copier,pages,printing,rhythm,satisfied,mundane,menial tasks,laundry,boredom,satisfaction,rhythmic,fast,taxi,passenger,falling into the tray","printer,copier,pages,printing,rhythm,satisfied,mundane,laundry,boredom,satisfaction,rhythmic,fast,taxi,passenger","big printer,big scanner,menial tasks,falling into the tray"
1,16,"nice and slow,not strong,bored,tempo,not aggressive pulse,distressed,bored,unpleasant,personal printer from the early 2000s,take four minutes to print a sheet,long time,boring,background noise,background sensation,funny","not strong,bored,tempo,distressed,bored,unpleasant,boring,funny","nice and slow,not aggressive pulse,personal printer from the early 2000s,take four minutes to print a sheet,long time,background noise,background sensation"
2,1,"creaky,seesaw,run fingers,knife-edge,not excited,blunt kitchen knife,rugged edge,not dominant,neutral,associated with sawing,slightly uncomfortable","creaky,seesaw,not excited,not dominant,neutral","run fingers,knife-edge,blunt kitchen knife,rugged edge,associated with sawing,slightly uncomfortable"
2,2,"balloon,down the balloon,squeaky,numb,distressed,satisfied","balloon,squeaky,numb,distressed,satisfied",down the balloon
2,3,"interchangeable,waiting,smooth,hits the glass,vibration,finger on the glass,fingerprint button on an iPhone,quiet,quiet","interchangeable,waiting,smooth,vibration,quiet,quiet","hits the glass,finger on the glass,fingerprint button on an iPhone"
2,4,"fingerprint button,unlock an iPhone,five times stronger,alarm clock",,"fingerprint button,unlock an iPhone,five times stronger,alarm clock"
2,5,"smooth,water,not excited,boring,not much,not distressed,satisfied,not dominant","smooth,water,not excited,boring,not much,not distressed,satisfied,not dominant",
2,6,"smoother,icing sugar,really soft,nice pen,smooth pen",smoother,"icing sugar,really soft,nice pen,smooth pen"
2,7,"scratchy,rubber,rubber boots,rubbery,touching something rubbery,uncomfortable,distressed,not excited,not satisfied","scratchy,rubber,rubbery,uncomfortable,distressed,not excited,not satisfied","rubber boots,touching something rubbery"
2,8,"rubbing a balloon,lesser scale,familiar,tiring","familiar,tiring","rubbing a balloon,lesser scale"
2,9,"agitated,smooth,stronger vibrations,chalk on a blackboard,unpredictable,nervous","agitated,smooth,unpredictable,nervous","stronger vibrations,chalk on a blackboard"
2,10,"stronger,electric shock,operating table,organs,tools,shock,satisfied,excited,dominant","stronger,organs,tools,shock,satisfied,excited,dominant","electric shock,operating table"
2,11,"heart beating,consistent,rhythmic,calming,clock,smooth,constant,subtle vibrations","consistent,rhythmic,calming,clock,smooth,constant","heart beating,subtle vibrations"
2,12,"Ved Siden Af,nightclub,frantic,intense,scary,bomb,strong,pulsing,sore","nightclub,frantic,intense,scary,bomb,strong,pulsing,sore",Ved Siden Af
2,13,"pencil,scratchy,scratchy,not nice,smooth,wooden,wood,splint,uncomfortable","pencil,scratchy,scratchy,not nice,smooth,wooden,wood,splint,uncomfortable",
2,14,"dramatic music,bad bit,being chased,low to high,loop,lights,science museums,globe,light,finger,move the light","loop,lights,globe,light,finger","dramatic music,bad bit,being chased,low to high,science museums,move the light"
2,15,"frog croaking,scary,low,vibrations,faster,chased,intense,dominating,rough","scary,low,vibrations,faster,chased,intense,dominating,rough",frog croaking
2,16,"not like,sandpaper,frustrating,want to wear it down,annoying,sandpaper,paper,cardboard","not like,sandpaper,frustrating,annoying,sandpaper,paper,cardboard",want to wear it down
3,1,"annoyed,sweaty,sticking,irritating,wet,window of a car,mirror,damp mirror,trying to do something,sticky","annoyed,sweaty,sticking,irritating,wet,mirror,sticky","window of a car,damp mirror,trying to do something"
3,2,"happy,not depressed,benign,braille,limited knowledge,not electric,tingly,tingly,buzzing","happy,not depressed,benign,braille,not electric,tingly,tingly,buzzing",limited knowledge
3,3,"staccato,musical term,staccato,anxious,not benign","staccato,staccato,anxious,not benign",musical term
3,4,"constant friction,difficult,Resistance,restrictions,irksome","difficult,Resistance,restrictions,irksome",constant friction
3,5,"discreet,attentive,periodical,small buzz,no obstruction,sticker glue,annoying","discreet,attentive,periodical,annoying","small buzz,no obstruction,sticker glue"
3,6,"stronger,zing,staccato,fast staccato buzz","stronger,zing,staccato",fast staccato buzz
3,7,"resistance,jagged,irksome,annoying,frustrating,comes and goes,resistant,snow on grass,don't know what's underneath,step in a hole,stumbling","resistance,jagged,irksome,annoying,frustrating,resistant,stumbling","comes and goes,snow on grass,don't know what's underneath,step in a hole"
3,8,"sticker,sticky stuff,little buzz,polishing,squeaky clean,squeaking noise,resistance,constant","sticker,polishing,resistance,constant","sticky stuff,little buzz,squeaky clean,squeaking noise"
3,9,"constant,sludgy,sweaty,annoying,supposed to be sensing,can't make its mind up,not much on finger","constant,sludgy,sweaty,annoying","supposed to be sensing,can't make its mind up,not much on finger"
3,10,"resistant,forceful,aggressive,Sporadically,aggressive,stuck in the mud","resistant,forceful,aggressive,Sporadically,aggressive",stuck in the mud
3,11,"motor,tiny little motor,buzz,buzzing,bee,buzzing,Excitement,cutesy,satisfied,little dog,barking,dangerous,cute","motor,buzz,buzzing,bee,buzzing,Excitement,cutesy,satisfied,barking,dangerous,cute","tiny little motor,little dog"
3,12,"intrusive,aggressive,aggressive,sticker,aggressive,sticker,obstruction","intrusive,aggressive,aggressive,sticker,aggressive,sticker,obstruction",
3,13,"vibrator,not very powerful,funny,slightly exciting,buzz of excitement,not bored,in my head,exciting,mysterious,anxious","vibrator,funny,not bored,exciting,mysterious,anxious","not very powerful,slightly exciting,buzz of excitement,in my head"
3,14,"vibrator,switch,dramatic,vibrator,engine,unstable,finger,engine,sputtering,old-school,coming to life,engine,not comfortable,anxious","vibrator,switch,dramatic,vibrator,engine,unstable,finger,engine,sputtering,engine,not comfortable,anxious","old-school,coming to life"
3,15,"toughest,vibrator,audio,standing on the deck,surprised,vibration,distressed,dominant,stressing out","toughest,vibrator,audio,surprised,vibration,distressed,dominant","standing on the deck,stressing out"
3,16,"gentle,not sure,friendly,not stressful,kind,gentle,purring kitten,not anxious,chill,recommend,not necessarily,relieved,relief","gentle,not sure,friendly,not stressful,kind,gentle,not anxious,chill,recommend,not necessarily,relieved,relief",purring kitten
4,1,"static,rub a balloon on your head,static,prickly,small,bamboo woods,tiny little things","static,static,prickly,small","rub a balloon on your head,bamboo woods,tiny little things"
4,2,"not completely smooth,wall,painted over,not sandpaper,something between,you,smooth,wall,painted furniture,chalkboard,no emotions,scratch,sound,on my nails","wall,not sandpaper,you,smooth,wall,chalkboard,scratch,sound","not completely smooth,painted over,something between,painted furniture,no emotions,on my nails"
4,3,"whiteboard,erase,window,clean,frustrated,smoother,dirt,smooth,tugged,oil,grease,tiny,little thing,speck,dirt","whiteboard,erase,window,clean,frustrated,smoother,dirt,smooth,tugged,oil,grease,tiny,speck,dirt",little thing
4,4,"farts,similar,last one,resistance,dirt,dirty,cleaning a whiteboard,cleaning a window,gross,not really gross,dirty,Sticky,crazy","farts,similar,resistance,dirt,dirty,gross,dirty,Sticky,crazy","last one,cleaning a whiteboard,cleaning a window,not really gross"
4,5,"vibrations,tiny,tiny,bristles,toothbrush,dirty,bumps,soft,hard,thin,touching,toothbrush,fun","vibrations,tiny,tiny,bristles,toothbrush,dirty,bumps,soft,hard,thin,touching,toothbrush,fun",
4,6,"vibrating,wooden,friction,good speed,run it around,slower,harder,friction,not as smooth as glass,relatively smooth,surface,table,dinner table","vibrating,wooden,friction,slower,harder,friction,surface,table","good speed,run it around,not as smooth as glass,relatively smooth,dinner table"
4,7,"not uniform,get caught,dirty,glass,stuck,rubbing,flying,stuck,yucky,wash my hands","not uniform,dirty,glass,stuck,rubbing,flying,stuck,yucky","get caught,wash my hands"
4,8,"think,friction,small,different surface,dusty,diagonally,crazy,cleaning a window,windshield wipers","think,friction,small,dusty,diagonally,crazy","different surface,cleaning a window,windshield wipers"
4,9,"sometimes,relatively smooth,table,IKEA desk table,slight amount of friction,neutral,fresh,clean,not glass","sometimes,table,neutral,fresh,clean,not glass","relatively smooth,IKEA desk table,slight amount of friction"
4,10,"light rumbling,tummy growling,stomach growling,dog,cat,fuzzy onomatopoeia,petting a bee,buzzy,vibration,rumbling","dog,cat,buzzy,vibration,rumbling","light rumbling,tummy growling,stomach growling,fuzzy onomatopoeia,petting a bee"
4,11,"glass,shaver,shaving,mowing,shaver,electric toothbrush,glass,smooth,hairs,pushing","glass,shaver,shaving,mowing,shaver,glass,smooth,hairs,pushing",electric toothbrush
4,12,"dirty,not super sticky,dragged,friction,pushing,kid's iPad,spilled juice,pushing back,blowing","dirty,dragged,friction,pushing,blowing","not super sticky,kid's iPad,spilled juice,pushing back"
4,13,"mechanical vibration,machine,Rumbling from within,tingles,rumble,little tingle,warm,concerned,running machine,not what I was expecting","machine,tingles,rumble,warm,concerned","mechanical vibration,Rumbling from within,little tingle,running machine,not what I was expecting"
4,14,"lightly shocked,electric fence,electric current,laser tag,shoot somebody,be shot,rumbles,not hurt,neutral","rumbles,not hurt,neutral","lightly shocked,electric fence,electric current,laser tag,shoot somebody,be shot"
4,15,"smooth,ice rink,friction,messed up,some vibration,light vibration,small,snow ice pieces,smooth,soft","smooth,friction,small,smooth,soft","ice rink,messed up,some vibration,light vibration,snow ice pieces"
4,16,"arcade game,pulsing,spaceship games,shooting,avoid the missiles,shooting back,stressed,something's coming up","pulsing,shooting,stressed","arcade game,spaceship games,avoid the missiles,shooting back,something's coming up"
5,1,"small friction,fast,touching something with friction,no signals,no action required,small vibration,difficult,peeled an orange,slight friction,juices of the orange,no difference,no change in mood","fast,difficult","small friction,touching something with friction,no signals,no action required,small vibration,peeled an orange,slight friction,juices of the orange,no difference,no change in mood"
5,2,"friction,plastic,small dots,small rivets,steady,constant,working against,trying to make slow down,difficult,moving my finger,resistance,running a finger on the side of a matchbox,nimble small dots,physically stopping in my tracks","friction,plastic,steady,constant,difficult,resistance","small dots,small rivets,working against,trying to make slow down,moving my finger,running a finger on the side of a matchbox,nimble small dots,physically stopping in my tracks"
5,3,"soft,lines,not bring attention to itself,soft,runny,cool,not cold,coolness,skiing","soft,lines,soft,runny,cool,not cold,coolness,skiing",not bring attention to itself
5,4,"sporadic,stopping,forces pushing,pushing back,force exerted in the other direction,waves,constant,stop,direction,stubbornness,stubborn,want to push against it,something with a thought behind this,something want to do something","sporadic,stopping,waves,constant,stop,direction,stubbornness,stubborn","forces pushing,pushing back,force exerted in the other direction,want to push against it,something with a thought behind this,something want to do something"
5,5,"draggy,dragging,holding back,not pushing,pulling emotion,running away,holding you back,arms around your waist,pulled,glass,squeaking,music,glass","draggy,dragging,not pushing,pulled,glass,squeaking,music,glass","holding back,pulling emotion,running away,holding you back,arms around your waist"
5,6,"ice cream,soft,comforting,touch,pointy,waves,small outbursts,jumpy,pushy,jumping,stop,go,jumpy,barrier","soft,comforting,touch,pointy,waves,jumpy,pushy,jumping,stop,go,jumpy,barrier","ice cream,small outbursts"
5,7,"electric pulse,small electric outlet,tingly,felt before,electrical,therapeutic stuff,massage,massage chair","tingly,electrical,massage","electric pulse,small electric outlet,felt before,therapeutic stuff,massage chair"
5,8,"periodic,alert,small alarm clock,electrical,pointy,alarm clock,alarm clock going off in the morning,telling me to be alert,be aware,danger ahead,stop doing,something important","periodic,alert,electrical,pointy","small alarm clock,alarm clock,alarm clock going off in the morning,telling me to be alert,be aware,danger ahead,stop doing,something important"
5,9,"insisting,stop,pushy,physical,object,surface,be aware,stop moving a finger,driving a car,slow down,stop","insisting,stop,pushy,physical,object,surface,stop","be aware,stop moving a finger,driving a car,slow down"
5,10,"friction,tingly,electrical current,weak electrical fence,tingling,not trying to tell me anything,constant,there all the time,no feelings,not reminding anything,electric fence,small voltage,excitement,not an action,gather up the courage to do,not specific action,electrical fence","friction,tingly,tingling,constant,excitement","electrical current,weak electrical fence,not trying to tell me anything,there all the time,no feelings,not reminding anything,electric fence,small voltage,not an action,gather up the courage to do,not specific action,electrical fence"
5,11,"electrical saw,round saw,spinning,pulsating,heartbeat,pulse,electrical,shocks,communication","spinning,pulsating,heartbeat,pulse,electrical,shocks,communication","electrical saw,round saw"
5,12,"squeaky,not communication,sound of washing window,pulsating,not communication,a part of the surface,cleaning kitchen,running cloth,dirty area stops in its tracks,cleaning kitchen counter","squeaky,not communication,pulsating,not communication","sound of washing window,a part of the surface,cleaning kitchen,running cloth,dirty area stops in its tracks,cleaning kitchen counter"
5,13,"spitting,yellow,purple,color,plastic,jigsaw puzzles,playset,infrared lights,alarm system,electrical things as a child","spitting,yellow,purple,color,plastic,playset","jigsaw puzzles,infrared lights,alarm system,electrical things as a child"
5,14,"periodic,waves,stop,stop,stop,stop,half-hearted,strong,emphatic,insisting,not giving it all","periodic,waves,stop,stop,stop,stop,strong,emphatic,insisting","half-hearted,not giving it all"
5,15,"jets,jacuzzi,spa,water jets,massaging,calmness,relaxation,relaxed,swimming pool,leisurely,relaxing,sauna","jets,jacuzzi,spa,massaging,calmness,relaxation,relaxed,leisurely,relaxing,sauna","water jets,swimming pool"
5,16,"annoying,holding me back,in the way,biking across cobblestone,stopping,an inconvenience,slow down,take it easy,stop,get away,get worse,slowing down,electrical,physical,hard surface,forceful,force,finger is skipping over stuff,running over stuff,jumping up and down,friction,finger jump up and down","annoying,stopping,stop,electrical,physical,forceful,force,friction","holding me back,in the way,biking across cobblestone,an inconvenience,slow down,take it easy,get away,get worse,slowing down,hard surface,finger is skipping over stuff,running over stuff,jumping up and down,finger jump up and down"
6,1,"hard,friction,little hills,glass getting stuck,finger,fingerprint,uncomfortable,spilled,spill,sticky,wipe it away,nasty,wants my finger to get stuck on the glass,gross sound","hard,friction,finger,fingerprint,uncomfortable,spilled,spill,sticky,nasty","little hills,glass getting stuck,wipe it away,wants my finger to get stuck on the glass,gross sound"
6,2,"worse,slide,creaking,vibration,faster,electricity balls,centers,electrical buzzing,bee,beehive,motor running,not good","worse,slide,creaking,vibration,faster,centers,bee,beehive,not good","electricity balls,electrical buzzing,motor running"
6,3,"same motor,electrical,game,glass,touchscreen,goal reached,not nasty buzz,doing something,drawing,paintbrush,rusty paintbrush,not in a bad way,sense of accomplishment,brush,brushing,painting a picture,brush on fingers","electrical,game,glass,touchscreen,drawing,paintbrush,brush,brushing","same motor,goal reached,not nasty buzz,doing something,rusty paintbrush,not in a bad way,sense of accomplishment,painting a picture,brush on fingers"
6,4,"slower,deeper,not as pleasant,something wrong,dark,negative feelings,sinister,game,bad happens,lower,bass","slower,deeper,dark,sinister,game,lower,bass","not as pleasant,something wrong,negative feelings,bad happens"
6,5,"running,stumble,hills,stops,intervals,lagging,not nice,pissed off,Irritating,neurotic,prompt,impulsive,impatient,do something properly","running,stumble,hills,stops,intervals,lagging,not nice,Irritating,neurotic,prompt,impulsive,impatient","pissed off,do something properly"
6,6,"smooth,hits,sea,calm sea,dormant,not right,starting up,passive,Shaver,confuses my finger,not still,not constantly buzzing,not want to feel","smooth,hits,sea,dormant,not right,passive,Shaver,not still","calm sea,starting up,confuses my finger,not constantly buzzing,not want to feel"
6,7,"disruptive,nothing,restrictive,not in a good way,annoying,oppressing,holds you back,doesn't slide,disrupts,smooth,slide,slow ddownown,hurrying,somebody is like,no,don't go,pulls you back from your clothes","disruptive,nothing,restrictive,annoying,oppressing,disrupts,smooth,slide,hurrying,no","not in a good way,holds you back,doesn't slide,slow ddownown,somebody is like,don't go,pulls you back from your clothes"
6,8,"passive,quiet,don't like,someone who lives with their five cats,low,annoying,buzz,hard,not even detect,buzz,finger against the glass,coarse,grainy,sliding my finger across some small grains,dropped salt,eights in that with my finger","passive,quiet,low,annoying,buzz,hard,buzz,coarse,grainy","don't like,someone who lives with their five cats,not even detect,finger against the glass,sliding my finger across some small grains,dropped salt,eights in that with my finger"
6,9,"barely noticeable,not something you would meet,sweat on it or something,stiky,grease,disruptive,lagging,ordering at the McDonald's,impatient","stiky,grease,disruptive,lagging,impatient","barely noticeable,not something you would meet,sweat on it or something,ordering at the McDonald's"
6,10,"low,something in the background,touching,tiny motor,not too vibrating,pain,tooth pain,background,aching,vibrating,stable,confident,leader,stable,confident,stabilizing,calming,doesn't change,continue,turn it off","low,touching,pain,background,aching,vibrating,stable,confident,leader,stable,confident,stabilizing,calming,continue","something in the background,tiny motor,not too vibrating,tooth pain,doesn't change,turn it off"
6,11,"sticky,jam,playing around,oppressive,can't move,stop,sticky,telling me I should clean,restart,not correct","sticky,jam,oppressive,stop,sticky,restart,not correct","playing around,can't move,telling me I should clean"
6,12,"alive,good to touch,action,not disruptive,not too much in your face,positive,success,working,not negative,error,lack,continuous,not disruptive,positive,kitchen appliances,batteries,hairdryer,mixer,cringe,less","alive,action,not disruptive,positive,success,working,not negative,error,lack,continuous,not disruptive,positive,batteries,hairdryer,mixer,cringe,less","good to touch,not too much in your face,kitchen appliances"
6,13,"sticky,restricting,no pattern,takes you by surprise,false idea,stops your finger,not good,startling,tricked,boundaries,box,random places,3-D imagery","sticky,restricting,not good,startling,tricked,boundaries,box","no pattern,takes you by surprise,false idea,stops your finger,random places,3-D imagery"
6,14,"purring cat,action,results,drawing shapes,good feeling,not a disruption,prolonged,art,fun,creative,fun,creative,Colorful,fun,nice","action,results,prolonged,art,fun,creative,fun,creative,Colorful,fun,nice","purring cat,drawing shapes,good feeling,not a disruption"
6,15,"pumping out,steady purring,steady hum,weird outbursts,interrupting,not in control,Amazon workplace,pumping out packages,not consistent,movement,illusion,nothing","interrupting,not consistent,movement,illusion,nothing","pumping out,steady purring,steady hum,weird outbursts,not in control,Amazon workplace,pumping out packages"
6,16,"brushing,searching,hairy,tracing,pattern,landscape,texture,hair,old grandma,grandpa,newspapers,TV,radio,cat,purrs,nice cat,nature-wise,patterns,landscapes,materials,textures,whole ornaments,different colors,different textures,touching,game for kids,blind person,face","brushing,searching,hairy,tracing,pattern,landscape,texture,hair,grandpa,newspapers,TV,radio,cat,purrs,patterns,landscapes,materials,textures,touching,face","old grandma,nice cat,nature-wise,whole ornaments,different colors,different textures,game for kids,blind person"
7,1,"turgid,slimy,thick,sweaty,resistant,pulsing,not welcome,hard zone,stuck in the mud,Frustrated,Slow,Sludgy","turgid,slimy,thick,sweaty,resistant,pulsing,not welcome,Frustrated,Slow,Sludgy","hard zone,stuck in the mud"
7,2,"undulating,trailing,primary fuzz,trails,sparkles,sparkly,crackling of sparks,Mystical,depth,Deep voice,Charming guy,Wonder,Deep thought,Introspection,Slowness,Calm","undulating,trailing,trails,sparkles,sparkly,Mystical,depth,Wonder,Introspection,Slowness,Calm","primary fuzz,crackling of sparks,Deep voice,Charming guy,Deep thought"
7,3,"sweaty,lighter,thinner,string of droplets,tiny string of droplets,Drumming my fingers,pecking,small bird,small bird,Millipede marchig around,tiny millipede,erotic excitement,shiver,Buzzy,Anxious,Light,Indeterminate,Flattery","sweaty,lighter,thinner,pecking,shiver,Buzzy,Anxious,Light,Indeterminate,Flattery","string of droplets,tiny string of droplets,Drumming my fingers,small bird,small bird,Millipede marchig around,tiny millipede,erotic excitement"
7,4,"deeper,deeper,glass,strange rhythm,pulse,heartbeat,buzz,app,buzzing sound of a base outside of a club,surfaces,complexity,produced by a human,variance","deeper,deeper,glass,pulse,heartbeat,buzz,app,surfaces,complexity,variance","strange rhythm,buzzing sound of a base outside of a club,produced by a human"
7,5,"small balls,lottery,balls,champagne,party,bubbliness,smooth surfaces,metal pin,face,pins,randomly come into contact","lottery,balls,champagne,party,bubbliness,face,pins","small balls,smooth surfaces,metal pin,randomly come into contact"
7,6,"marching band drummer,paradiddle,fun,rhythmic,funny,posh,silly,flippant,floats around,entertained","paradiddle,fun,rhythmic,funny,posh,silly,flippant,entertained","marching band drummer,floats around"
7,7,"dagger,dagger waves,sawtooth,chainsaw,constant,angular,Quick,fast-paced,wired,caffeine,no natural energy,not unpleasant,anxious feeling,artificial energy,warm,pink noise,relax,bed","dagger,sawtooth,chainsaw,constant,angular,Quick,wired,caffeine,not unpleasant,warm,relax,bed","dagger waves,fast-paced,no natural energy,anxious feeling,artificial energy,pink noise"
7,8,"melodic,paradiddle,rhythm,meditative,thicker,ambiance,club,house music,deep house,ambiance,warmth,rhythm,dispersed,surface,making contact,receiving,larger body","melodic,paradiddle,rhythm,meditative,thicker,ambiance,club,ambiance,warmth,rhythm,dispersed,surface,receiving","house music,deep house,making contact,larger body"
7,9,"obvious pulsing rhythm,alarms,Metal Gear Solid,factory-wide alarm,security system,industrial plant,milder,Insistent,Ebbing,Broad,Spacious,take note,pay attention,not dangerous,alarming,importance,better foreboding","alarms,milder,Insistent,Ebbing,Broad,Spacious,not dangerous,alarming,importance","obvious pulsing rhythm,Metal Gear Solid,factory-wide alarm,security system,industrial plant,take note,pay attention,better foreboding"
7,10,"chirpy,birds,nervous,frolicking,playing,too much energy,get rid of,Incessant,excitement,nervousness,discharged,kid,playing,excited,afraid,too much energy to spare","chirpy,birds,nervous,frolicking,playing,Incessant,excitement,nervousness,discharged,kid,playing,excited,afraid","too much energy,get rid of,too much energy to spare"
7,11,"sweatiness,slight pulsing,ragtag ball,rolling,not much consistency,many-sided,rolling animal,forgot what cartoon,ant-eater-type,long snout,roll itself,roll around spaces,big,fat,strange angles,subsections","sweatiness,rolling,big,fat,subsections","slight pulsing,ragtag ball,not much consistency,many-sided,rolling animal,forgot what cartoon,ant-eater-type,long snout,roll itself,roll around spaces,strange angles"
7,12,"brittle,doesn't have much substance,glass,fracture,fine,complexly shaped,fragile,stepping on eggshells,be careful,Stepping on ice,Touching something delicate","brittle,glass,fracture,fine,fragile","doesn't have much substance,complexly shaped,stepping on eggshells,be careful,Stepping on ice,Touching something delicate"
7,13,"buzzing,fast,less deep,shallow,background noise,work ethic,consistency,determination,running over many days,commitment","buzzing,fast,shallow,consistency,determination,commitment","less deep,background noise,work ethic,running over many days"
7,14,"submarine,underwater,gloopy,muffled,bubbles,medium-sized,manmade metallic structures,pulses,ambivalence,indifference","submarine,underwater,gloopy,muffled,bubbles,pulses,ambivalence,indifference","medium-sized,manmade metallic structures"
7,15,"sweaty,fingers,buzziness,no current,sweaty glass,rattling,ticklish,confused,frustrated","sweaty,fingers,buzziness,rattling,ticklish,confused,frustrated","no current,sweaty glass"
7,16,"tanker,similar,sweaty,pane of glass,hard,specific,current,furry,hamster,Small,furry,mild-tempered,curled up,vibrating,anxious,charming,Coziness,Warmth,Sanctuary,Safety","tanker,similar,sweaty,hard,specific,current,furry,hamster,Small,furry,vibrating,anxious,charming,Coziness,Warmth,Sanctuary,Safety","pane of glass,mild-tempered,curled up"
8,1,"steady,little beats,ping pong,delay,slow,drawn-out,jumpy,bouncy,exciting,positive,Playing ping pong,not a constant kind of vibration,up and down,engaged with the glass and the screen","steady,delay,slow,jumpy,bouncy,exciting,positive","little beats,ping pong,drawn-out,Playing ping pong,not a constant kind of vibration,up and down,engaged with the glass and the screen"
8,2,"gentle,hardest,warm-up,friction,finger,concentrate,constant,forget,not interested,invested,beach,running hands,sand,colder,no rhythm","gentle,hardest,friction,finger,concentrate,constant,forget,not interested,invested,beach,sand,colder","warm-up,running hands,no rhythm"
8,3,"soft vibration,beat,spinning,DJ,disco,jam session,gentle,soft,energetic,connected,relax,chill out,bodega,good group of friends,not heavy,feel-good,social","beat,spinning,DJ,disco,gentle,soft,energetic,connected,relax,bodega,not heavy,social","soft vibration,jam session,chill out,good group of friends,feel-good"
8,4,"haphazard,siren,soft,warning,danger,ominous,movies,barrack,suspenseful,Thrilling,Danger,encroaching,Haphazardous,Slippery,gripping,slipping,uncomfortable","haphazard,siren,soft,warning,danger,ominous,movies,barrack,suspenseful,Thrilling,Danger,encroaching,Haphazardous,Slippery,gripping,slipping,uncomfortable",
8,5,"small,big,vibrator,sexual,interesting,pattern,exciting,Exciting,Interesting,Evoking","small,big,vibrator,sexual,interesting,pattern,exciting,Exciting,Interesting,Evoking",
8,6,"something,stop,steady beat,irritating,pattern,stopped and then starts,irritating,I'm anticipating something,I don't get it,drawn out,setting,vibrator,irritating,climax,Not consistent","something,stop,irritating,pattern,irritating,setting,vibrator,irritating,climax","steady beat,stopped and then starts,I'm anticipating something,I don't get it,drawn out,Not consistent"
8,7,"weird,impossible,running your finger along,surface,broken,struggling,daydreaming,mindlessly,get lost in the sensation,vibration,not focusing,not concentrating,confused","weird,impossible,surface,broken,struggling,daydreaming,mindlessly,vibration,not focusing,not concentrating,confused","running your finger along,get lost in the sensation"
8,8,"cool,interactive,skipping,going for a walk,excited,hopping alone,xylophone,light up-beat,interactive,playful,Groovy,fun,communication through glass","cool,interactive,skipping,excited,xylophone,interactive,playful,Groovy,fun","going for a walk,hopping alone,light up-beat,communication through glass"
8,9,"pressure,not the signal,in control,unsettled,lost control,insecure,Science Museum,purple electric lights,delayed reaction","pressure,unsettled,insecure","not the signal,in control,lost control,Science Museum,purple electric lights,delayed reaction"
8,10,"light,fluffy,dog,comforting,Soft,Furry,Cushiony,not velvety,Comforting,sweet,cuddly,dog hug,Petting dog,heartbeat,animal","light,fluffy,dog,comforting,Soft,Furry,Cushiony,not velvety,Comforting,sweet,cuddly,heartbeat,animal","dog hug,Petting dog"
8,11,"heartbeat,heartbeat,lying,freaked out,someone's chest,shocked,astounded,rubbing hand on chest,feel someone's heartbeat,close to someone","heartbeat,heartbeat,lying,shocked,astounded","freaked out,someone's chest,rubbing hand on chest,feel someone's heartbeat,close to someone"
8,12,"not light,more vicious,slime,rubbery slime,bounce back,liquid sensation,not sure,game,fun,playful","not light,slime,not sure,game,fun,playful","more vicious,rubbery slime,bounce back,liquid sensation"
8,13,"skating,ice skating,slide along the ice,gliding,relaxing,long sensation,calm,empathetic,glass is listening to me,patient,talk deeply","skating,gliding,relaxing,calm,empathetic,patient","ice skating,slide along the ice,long sensation,glass is listening to me,talk deeply"
8,14,"electric,anxious,electric,gaps,further apart,shouldn't be there,touched,electric,weird","electric,anxious,electric,gaps,touched,electric,weird","further apart,shouldn't be there"
8,15,"constant beat,keep touching the glass,music playing,deaf,listening to a song,familiar,Up-beat,Connected,fun,exciting,stimulating,evolving,stimulating,at a party,feeling the vibration,speaker,mood,party","deaf,familiar,Connected,fun,exciting,stimulating,evolving,stimulating,speaker,mood,party","constant beat,keep touching the glass,music playing,listening to a song,Up-beat,at a party,feeling the vibration"
8,16,"party vibe,against a speaker,beat of a song,not upbeat,concert,in-between act,silent,music,Ominous,shady,not trust,hooded,not open,threatened,wary","not upbeat,concert,silent,music,Ominous,shady,not trust,hooded,not open,threatened,wary","party vibe,against a speaker,beat of a song,in-between act"
9,1,"gliding,finger across the screen,normal window,squeaky,windowpane,hard fingertips","gliding,squeaky,windowpane","finger across the screen,normal window,hard fingertips"
9,2,"subtle,not vigorous,calming,loose,indents,indents,not alarming,subtle","subtle,not vigorous,calming,loose,indents,indents,not alarming,subtle",
9,3,"less rhythmic,Erratic",Erratic,less rhythmic
9,4,"uneasy,not smoothly gliding,unpredictable,alarming,computer,not available,can't be accessed","uneasy,unpredictable,alarming,computer,not available","not smoothly gliding,can't be accessed"
9,5,"soothing,relaxing,tender,smooth,soft,comforting,present,calm","soothing,relaxing,tender,smooth,soft,comforting,present,calm",
9,6,"rougher,dragging,sandpaper,telling me not to do something,Posh,Abrasive,Black and white","rougher,dragging,sandpaper,Posh,Abrasive","telling me not to do something,Black and white"
9,7,"not obvious,vibrator,subtle,motor,vibrator,Pleasure,Getting off,Sensual sensuality","not obvious,vibrator,subtle,motor,vibrator,Pleasure","Getting off,Sensual sensuality"
9,8,"sweaty,stuck,vibration,Carelessness,freeing,not detect pattern,own thing,own thing","sweaty,stuck,vibration,Carelessness,freeing","not detect pattern,own thing,own thing"
9,9,"not intentional,subtle,winter,wispy,delicate,light,suggesting,Crisp,tender,trivial,novel,not urgent,kissing my fingers,not nudging in a certain direction,not much contact,goes away instantly,tiny bits of them,not aggressive","not intentional,subtle,winter,wispy,delicate,light,suggesting,Crisp,tender,trivial,novel,not urgent,not aggressive","kissing my fingers,not nudging in a certain direction,not much contact,goes away instantly,tiny bits of them"
9,10,"not urgent,not aggressive,not directly,not touching,machinery,not touching,stroking,outside of a car,can feel the engine,not touching,car","not urgent,not aggressive,not directly,not touching,machinery,not touching,stroking,not touching,car","outside of a car,can feel the engine"
9,11,"smooth,gliding,restriction,limited,resistance,slide,harder,push,pressure,smooth,gliding,Subtle","smooth,gliding,restriction,limited,resistance,slide,harder,push,pressure,smooth,gliding,Subtle",
9,12,"peppy,alarm,Peppy,alarm,excitable,erratic,energetic,worried,anxious,vibrations,alarmed","peppy,alarm,Peppy,alarm,excitable,erratic,energetic,worried,anxious,vibrations,alarmed",
9,13,"panic,heart palpitation,alert,aware,work moving around,panic,spiraling into dread,subtle,overthinking","panic,alert,aware,panic,subtle,overthinking","heart palpitation,work moving around,spiraling into dread"
9,14,"beat,tempo,vigilant,alarm,steady,tempo,organized,fear-mongering,Alert,Aware,Awake","beat,tempo,vigilant,alarm,steady,tempo,organized,Alert,Aware,Awake",fear-mongering
9,15,"chirpy,little bird,chirping,alarm,emergency alarm,fire alarm,panic,good,panic,tell me something,aware of","chirpy,chirping,alarm,panic,good,panic","little bird,emergency alarm,fire alarm,tell me something,aware of"
9,16,"dragging,slow,inconsistent,hard,working against the current,Prickly,Tricky,negotiating,set in their waves,black and white,stubborn","dragging,slow,inconsistent,hard,Prickly,Tricky,negotiating,stubborn","working against the current,set in their waves,black and white"
10,1,"pleasant,abrupt,sweaty fingers,piece of glass,difficult to distinguish,subtle,notification,underwhelming,small stops,subtle feeling,edginess,sharp stop edginess","pleasant,abrupt,subtle,notification,underwhelming,edginess","sweaty fingers,piece of glass,difficult to distinguish,small stops,subtle feeling,sharp stop edginess"
10,2,"rugged,uneven,brick wall,uneven,not smooth","rugged,uneven,uneven,not smooth",brick wall
10,3,"pattern,rhythmic,music,chord progression,baseline,rhythm,feels good,speaks to my brain,chord progression,bass line,follow along to,brain activated","pattern,rhythmic,music,baseline,rhythm","chord progression,feels good,speaks to my brain,chord progression,bass line,follow along to,brain activated"
10,4,"harsher,warning,computer,unsuccessful,sound,something went wrong,unsuccessfulness,Try again","harsher,warning,computer,unsuccessful,sound,unsuccessfulness","something went wrong,Try again"
10,5,"Apple Watch,up in pitch,down in pitch,waves of vibration,monotone,waves,surge,vibration,on and off,binary state,On-off","monotone,waves,surge,vibration","Apple Watch,up in pitch,down in pitch,waves of vibration,on and off,binary state,On-off"
10,6,"more coarse,spread out,coarse feeling,combination of coarse to fine,static,static feeling,coarse vibration",static,"more coarse,spread out,coarse feeling,combination of coarse to fine,static feeling,coarse vibration"
10,7,"sharpness,needles stabbing,prickly,hairs rise,back of your neck,Getting kissed in the back of the neck,weird space between pleasure and pain,not nice,not pleasant,stabby,arousal","sharpness,prickly,not nice,not pleasant,stabby,arousal","needles stabbing,hairs rise,back of your neck,Getting kissed in the back of the neck,weird space between pleasure and pain"
10,8,"longer bursts of vibrations,activated,ongoing,live progress,not hard-working,sticking to their guns,doing what they're told,get up every morning,do what you're supposed to do","activated,ongoing","longer bursts of vibrations,live progress,not hard-working,sticking to their guns,doing what they're told,get up every morning,do what you're supposed to do"
10,9,"subtle,pulsing,stabby,attack,hard,decaying,sine wave,slow beat,up and down","subtle,pulsing,stabby,attack,hard,decaying","sine wave,slow beat,up and down"
10,10,"pronounced,attention-grabbing,easily,spacing,sudden,minutemud,pay attention,importance","pronounced,easily,spacing,sudden,minutemud,importance","attention-grabbing,pay attention"
10,11,"similar,more spacing,same vein,sporadic,heartbeat,little winded,Relaxation,lower physical effort","similar,sporadic,heartbeat,Relaxation","more spacing,same vein,little winded,lower physical effort"
10,12,"high attack,quick decay,spatial separation,distinguish,scattered,not under control,living in bursts,disappear,come back full force","distinguish,scattered,disappear","high attack,quick decay,spatial separation,not under control,living in bursts,come back full force"
10,13,"muddy,weaker,engine,motor,running in idle,standing,old steam train,waiting,platform ready to go,uniform pace,syncopated","muddy,weaker,engine,motor,standing,waiting,syncopated","running in idle,old steam train,platform ready to go,uniform pace"
10,14,"dance music,high beat frequency,fast-paced music,thumping sound,high bpm,working at a fast pace,attention-grabbing,neutral way,drawn to look towards",,"dance music,high beat frequency,fast-paced music,thumping sound,high bpm,working at a fast pace,attention-grabbing,neutral way,drawn to look towards"
10,15,"muddy,not clearly defined,not distinctively,subtle,indifferent","muddy,not distinctively,subtle,indifferent",not clearly defined
10,16,"not feeling,vibrator,fast onset,quick decay,quick,vibrating feeling,continuous vibration,ticklish,travels up the arm,nice sensation,pleasantness,no message,hedonistic,notification,sharp","not feeling,vibrator,quick,ticklish,pleasantness,hedonistic,notification,sharp","fast onset,quick decay,vibrating feeling,continuous vibration,travels up the arm,nice sensation,no message"
11,1,"tingly,tingling,odd,grainy,something in between,finger,glass,Not very different,really,not that much","tingly,tingling,odd,grainy,finger,glass,really","something in between,Not very different,not that much"
11,2,"slippery,wet,liquid,icy,wet,not cold,wrong,cleaned,glass,slippery,spilled,slippery,slippery,easier to move,faster","slippery,wet,liquid,icy,wet,not cold,wrong,cleaned,glass,slippery,spilled,slippery,slippery,faster",easier to move
11,3,"odd,surface,can't feel,thin piece of carpet,not fluffy,boring carpet,hospitals,bumpy,in between,carpet sensation,static,harder,not glass","odd,surface,not fluffy,hospitals,bumpy,static,harder,not glass","can't feel,thin piece of carpet,boring carpet,in between,carpet sensation"
11,4,"can't feel,harder,weird,harder,slippery,hard,not much,sensation","harder,weird,harder,slippery,hard,not much,sensation",can't feel
11,5,"not feeling,can't work out,harder,run your hand from side to side,vibrations,phone,vibrating,little bit,phone in pocket","not feeling,harder,vibrations,phone,vibrating","can't work out,run your hand from side to side,little bit,phone in pocket"
11,6,"perspex glass,plasticky,dryer,not pleasant,unpacking boxes,not great,wouldn't want to voluntarily touch it,run your hands over,Take your hands off","plasticky,dryer,not pleasant,not great","perspex glass,unpacking boxes,wouldn't want to voluntarily touch it,run your hands over,Take your hands off"
11,7,"computer screen,not pure glass,tactile,perspex-like feeling,phone,touch screen laptop","tactile,phone","computer screen,not pure glass,perspex-like feeling,touch screen laptop"
11,8,"lighter,soft,weird,not slippery,soft,pillow,cloth-like,easy,gentle,kind,soft-spoken,less friction,calming,painting","lighter,soft,weird,not slippery,soft,pillow,easy,gentle,kind,calming,painting","cloth-like,soft-spoken,less friction"
11,9,"strange vibration sensation,stuck,screen,sticky,unpleasant,little vibrations,uncomfortable,iPhone alarm,sequence","stuck,screen,sticky,unpleasant,uncomfortable,sequence","strange vibration sensation,little vibrations,iPhone alarm"
11,10,"worse,last one,better,phone's vibrating,phone call,annoying ringtones,ringing,vibration setting,phone,vibration,urgent,doing something,ignoring","worse,better,ringing,phone,vibration,urgent,ignoring","last one,phone's vibrating,phone call,annoying ringtones,vibration setting,doing something"
11,11,"not much difference,not really,not really,cannot feel,pleasant,vibrating a lot","not really,not really,pleasant","not much difference,cannot feel,vibrating a lot"
11,12,"odd sensation,not completely smooth,get stuck,rubber boots,rubber wellies,brush your feet,stuck,rubber,glass,gets stuck or caught","stuck,rubber,glass","odd sensation,not completely smooth,get stuck,rubber boots,rubber wellies,brush your feet,gets stuck or caught"
11,13,"pattern,vibration,familiar,not ringing,music,phone,speaker,Consistent","pattern,vibration,familiar,not ringing,music,phone,speaker,Consistent",
11,14,"different on each finger,can't associate,vibrations,fades,brail,bumpy,individual bumps,texture","vibrations,fades,brail,bumpy,texture","different on each finger,can't associate,individual bumps"
11,15,"tingling in fingers,glass,glass screen protector,nice sensation,not sticky,not uncomfortable,static,static shock","glass,not sticky,not uncomfortable,static","tingling in fingers,glass screen protector,nice sensation,static shock"
11,16,"wood,sanded,smooth,wood,not smooth,not textured,hardy,rough around the edges,granddad,sandpaper,wood,drawer","wood,sanded,smooth,wood,not smooth,not textured,hardy,granddad,sandpaper,wood,drawer",rough around the edges
12,1,"tiny little,very light bumps,super,super light,calloused fingers,stubbly beard,day after shaving,annoyance","super,annoyance","tiny little,very light bumps,super light,calloused fingers,stubbly beard,day after shaving"
12,2,"nothing,not continuous,tiny footsteps,skip,faint heartbeat,testing somebody,quiet,mousy person,no much to say,child,quiet child,skipping,playground","nothing,not continuous,skip,quiet,child,skipping,playground","tiny footsteps,faint heartbeat,testing somebody,mousy person,no much to say,quiet child"
12,3,"fainter,screen,slight buzz,tiny steps,skipping,continuous,raror,super light,Nothing","fainter,screen,skipping,continuous,raror,Nothing","slight buzz,tiny steps,super light"
12,4,nothing,nothing,
12,5,"no feeling,light vibration,pinky,imagining it,want to",pinky,"no feeling,light vibration,imagining it,want to"
12,6,"super light,friction,glass,little tiny bumps,sand","friction,glass,sand","super light,little tiny bumps"
12,7,"super light,pulses,far apart,one wide gap,super light,hard to detect,pinky,Nonexistent,sad,dying bee","pulses,pinky,Nonexistent,sad","super light,far apart,one wide gap,super light,hard to detect,dying bee"
12,8,"nothing,nothing,nothing,nothing,say,nothing","nothing,nothing,nothing,nothing,say,nothing",
12,9,"numb,not much,nothing happening,not getting anything","numb,not much","nothing happening,not getting anything"
12,10,"not much going on,very light,continuous buzz,very,very light,continuous,very,very light buzz","very,continuous,very","not much going on,very light,continuous buzz,very light,very light buzz"
12,11,"nothing,first finger,second,get,less continuous,bumpy,light,not much to say,barely feel,gravelly","nothing,second,get,bumpy,light,gravelly","first finger,less continuous,not much to say,barely feel"
12,12,"nothing,second,pulsing,super light,not super good,grand,gentle buzz,pulsing,not continuous,not annoyed","nothing,second,pulsing,grand,pulsing,not continuous,not annoyed","super light,not super good,gentle buzz"
12,13,"pinky,speed bumps,ant,ant-sized speed bumps,small,sensation,bumpy,gaps,uncomfortable,gaps,closer together,blood taken,clips,heartbeat","pinky,ant,small,sensation,bumpy,gaps,uncomfortable,gaps,clips,heartbeat","speed bumps,ant-sized speed bumps,closer together,blood taken"
12,14,"nothing,glass,sensations,pinky finger,intense,longer,shorter,one,okay,manic,beats,Xbox,Playstation,crash,shoots,vibrates,shot,crashed into something","nothing,glass,sensations,intense,longer,shorter,one,okay,manic,beats,Xbox,Playstation,crash,shoots,vibrates,shot","pinky finger,crashed into something"
12,15,"nothing,nothing,nothing,super light,big gaps,chilled-out,stroll on the beach,phone vibrates,relax,a bit of a stoner,deep thoughts,chill-out,whatever,hanging out,just chilled out,good time","nothing,nothing,nothing,relax,whatever","super light,big gaps,chilled-out,stroll on the beach,phone vibrates,a bit of a stoner,deep thoughts,chill-out,hanging out,just chilled out,good time"
12,16,"pinky,picking,uneven,not equal,bad,not nice,intense,not a good time,Bad,not sad,not angry,bad emotion Annoyance,On even,sloppy,annoyed,uncomfortable","pinky,picking,uneven,not equal,bad,not nice,intense,Bad,not sad,not angry,sloppy,annoyed,uncomfortable","not a good time,bad emotion Annoyance,On even"
